stress_level,phytoplankton_survival,phytoplankton_stress,zooplankton_survival,zooplankton_stress,fish_survival,fish_stress
mild,0.146,0.2099898408188698,0.54,0.20804962821471107,0.5333333333333333,0.2891173036240568
moderate,0.144,0.32239321853430597,0.27,0.5171935264778508,0.3,0.33502736246868575
severe,0.19,0.3685297457761265,0.013333333333333334,0.8393613397754239,0.15,0.4244240952119045
extreme,0.214,0.4421410389913435,0.0,0.5560348326926245,0.03333333333333333,0.4973390604454325
